min,mean,max,ff,opt,max_iterations,pop_size,select_perc,crossover_type,mutation_prob
5.103654978590667,5.103654978591545,5.1036549785915435,Plateau3D,Genetic,50,10,0.1,onepoint,0.01
-0.2905056871294026,-0.0017449763753894364,-0.0017449763753894362,SquaredError2D,Genetic,50,10,0.1,onepoint,0.01
1.823677046111791,1.993818074102928,1.9938180741029274,Trimodal2D,Genetic,50,10,0.1,onepoint,0.01
4.007421279727202,4.688407274376945,4.688407274376946,Plateau3D,Genetic,50,10,0.1,twopoint,0.01
-0.0757992001874053,-0.02025451986629771,-0.020254519866297716,SquaredError2D,Genetic,50,10,0.1,twopoint,0.01
1.031447515170755,1.9851602266633916,1.9851602266633903,Trimodal2D,Genetic,50,10,0.1,twopoint,0.01
3.685662576844089,3.685662576844087,3.685662576844089,Plateau3D,Genetic,50,10,0.1,threepoint,0.01
-0.04882716510256747,-0.04882716510249089,-0.048827165102490924,SquaredError2D,Genetic,50,10,0.1,threepoint,0.01
1.8569193471649312,1.998639688687977,1.9986396886879776,Trimodal2D,Genetic,50,10,0.1,threepoint,0.01
0.0733666358941319,4.227549068154061,4.2275490681540635,Plateau3D,Genetic,50,10,0.1,mean,0.01
-0.09072928896979965,-0.0907292889697996,-0.09072928896979965,SquaredError2D,Genetic,50,10,0.1,mean,0.01
1.8499733133198288,1.9691236189780386,1.9691236189780374,Trimodal2D,Genetic,50,10,0.1,mean,0.01
-7.251212683310519,4.34188356960874,4.341883569608736,Plateau3D,Genetic,50,10,0.1,fitnessmean,0.01
-1.5422310105584551,-0.09530539126279511,-0.0953053912627951,SquaredError2D,Genetic,50,10,0.1,fitnessmean,0.01
1.8381302209360983,1.9999661763352676,1.9999661763352685,Trimodal2D,Genetic,50,10,0.1,fitnessmean,0.01
0.4214384762280974,5.432279377430336,5.433537454547712,Plateau3D,Genetic,50,10,0.1,randomweight,0.01
-0.006845636752563429,-1.5546410782102784e-05,-6.353180996046347e-162,SquaredError2D,Genetic,50,10,0.1,randomweight,0.01
1.815950073313656,1.9999160438185999,1.999999976123875,Trimodal2D,Genetic,50,10,0.1,randomweight,0.01
-8.009649216642066,4.0296746762308375,4.029674676230838,Plateau3D,Genetic,50,10,0.1,onepoint,0.1
-0.12463574955733225,-0.12463574955716204,-0.12463574955716203,SquaredError2D,Genetic,50,10,0.1,onepoint,0.1
1.552753648253296,1.9999966606872615,1.9999966606872606,Trimodal2D,Genetic,50,10,0.1,onepoint,0.1
5.470591054590381,9.794111765209763,9.794111765209754,Plateau3D,Genetic,50,10,0.1,twopoint,0.1
-2.0240830143723523,-0.03148808522131923,-0.03148808522131923,SquaredError2D,Genetic,50,10,0.1,twopoint,0.1
1.6750896546454874,1.9982480987986002,1.9982480987986002,Trimodal2D,Genetic,50,10,0.1,twopoint,0.1
-0.8924751785279651,6.1354326660589065,6.135432666058906,Plateau3D,Genetic,50,10,0.1,threepoint,0.1
-0.0006277789539589892,-0.00013087891365937447,-0.0001308789136593745,SquaredError2D,Genetic,50,10,0.1,threepoint,0.1
1.8819060950591073,1.9025828513251881,1.9025828513251883,Trimodal2D,Genetic,50,10,0.1,threepoint,0.1
0.12420577395347633,4.607965510234019,4.607965510234019,Plateau3D,Genetic,50,10,0.1,mean,0.1
-0.7517207983838121,-0.09681907800039344,-0.0968190780003934,SquaredError2D,Genetic,50,10,0.1,mean,0.1
1.9952291302701595,1.9998597422264526,1.9998597422264537,Trimodal2D,Genetic,50,10,0.1,mean,0.1
3.331455349607006,4.418374662673195,4.4183746626731955,Plateau3D,Genetic,50,10,0.1,fitnessmean,0.1
-1.4964498702612103,-0.12951675165508617,-0.12951675165508622,SquaredError2D,Genetic,50,10,0.1,fitnessmean,0.1
1.8818744870487787,1.9999428418373562,1.999942841837356,Trimodal2D,Genetic,50,10,0.1,fitnessmean,0.1
8.600840981229442,9.246178056193255,9.262586289355507,Plateau3D,Genetic,50,10,0.1,randomweight,0.1
-0.006369635121744023,-7.134145928761317e-05,-4.231707510680559e-148,SquaredError2D,Genetic,50,10,0.1,randomweight,0.1
1.879053810130718,1.9999781833104484,1.9999972375086013,Trimodal2D,Genetic,50,10,0.1,randomweight,0.1
2.600230459099722,4.317757983331239,4.317757983331239,Plateau3D,Genetic,50,10,0.1,onepoint,0.3
-0.9934774662374205,-0.12811016940057976,-0.1281101694005798,SquaredError2D,Genetic,50,10,0.1,onepoint,0.3
1.8798197766644071,1.9805945287766935,1.980594528776693,Trimodal2D,Genetic,50,10,0.1,onepoint,0.3
0.6076149922567969,4.820822579161628,4.820822579161624,Plateau3D,Genetic,50,10,0.1,twopoint,0.3
-0.876371013677822,-0.0037179462563864314,-0.003717946256386433,SquaredError2D,Genetic,50,10,0.1,twopoint,0.3
1.980923720716767,1.980923720718025,1.9809237207180252,Trimodal2D,Genetic,50,10,0.1,twopoint,0.3
1.9951754903597758,2.9468879597325173,2.9468879597325186,Plateau3D,Genetic,50,10,0.1,threepoint,0.3
-1.7854466931251591,-0.0021341458003333027,-0.0021341458003333014,SquaredError2D,Genetic,50,10,0.1,threepoint,0.3
1.8159716774007966,1.9564284163859942,1.9564284163859949,Trimodal2D,Genetic,50,10,0.1,threepoint,0.3
-2.7308398331075967,3.7336082809889795,3.7336082809889777,Plateau3D,Genetic,50,10,0.1,mean,0.3
-1.1442019450096252,-0.00011790004952231433,-0.00011790004952231442,SquaredError2D,Genetic,50,10,0.1,mean,0.3
1.9472143847104122,1.9472143847104115,1.9472143847104122,Trimodal2D,Genetic,50,10,0.1,mean,0.3
0.007960424282946034,10.414494503774073,10.41449450377407,Plateau3D,Genetic,50,10,0.1,fitnessmean,0.3
-3.2955866700298166,-0.008395111612180744,-0.00839511161218074,SquaredError2D,Genetic,50,10,0.1,fitnessmean,0.3
1.816736885972201,1.9868798451052045,1.986879845105205,Trimodal2D,Genetic,50,10,0.1,fitnessmean,0.3
7.33528277966689,9.125478345002522,9.133745919753302,Plateau3D,Genetic,50,10,0.1,randomweight,0.3
-1.215822601013755,-0.0006679897411119941,-3.2367049672166473e-129,SquaredError2D,Genetic,50,10,0.1,randomweight,0.3
1.8243428133852906,1.9999133329524836,1.9999948621686963,Trimodal2D,Genetic,50,10,0.1,randomweight,0.3
-7.8822018954024875,6.89948633573693,6.89948633573717,Plateau3D,Genetic,50,10,0.5,onepoint,0.01
-0.28160973760846825,-0.28160973760846825,-0.28160973760846825,SquaredError2D,Genetic,50,10,0.5,onepoint,0.01
1.8315868426950073,1.9970344536004694,1.9970344536004851,Trimodal2D,Genetic,50,10,0.5,onepoint,0.01
-1.4214773503083304,3.4011099252012102,3.4011099252012507,Plateau3D,Genetic,50,10,0.5,twopoint,0.01
-2.1713323972503096,-0.0030422749096344665,-0.0029440284079388195,SquaredError2D,Genetic,50,10,0.5,twopoint,0.01
1.751937238535178,1.999256973400594,1.9992569734005934,Trimodal2D,Genetic,50,10,0.5,twopoint,0.01
1.2838245376321777,4.697712583934828,4.697712583935082,Plateau3D,Genetic,50,10,0.5,threepoint,0.01
-1.8339028082667619,-0.022545437632677072,-0.022482834492989805,SquaredError2D,Genetic,50,10,0.5,threepoint,0.01
1.98453980447283,1.984539804473525,1.9845398044735245,Trimodal2D,Genetic,50,10,0.5,threepoint,0.01
-1.373228966540216,11.761883068406235,11.765539623848564,Plateau3D,Genetic,50,10,0.5,mean,0.01
-0.4409057720480508,-2.374595020605121e-05,-2.3745950206051223e-05,SquaredError2D,Genetic,50,10,0.5,mean,0.01
1.817595058139774,1.9999458353942234,1.9999998317072032,Trimodal2D,Genetic,50,10,0.5,mean,0.01
3.90632286449236,5.123785969044417,5.145674137437183,Plateau3D,Genetic,50,10,0.5,fitnessmean,0.01
nan,nan,nan,SquaredError2D,Genetic,50,10,0.5,fitnessmean,0.01
1.854379707484112,1.9989030216924546,1.9999868546012027,Trimodal2D,Genetic,50,10,0.5,fitnessmean,0.01
-2.2072655950851887,3.9583114711131433,3.964124714663774,Plateau3D,Genetic,50,10,0.5,randomweight,0.01
-3.023680956145503,-2.359298999046807e-05,-5.005524016748189e-84,SquaredError2D,Genetic,50,10,0.5,randomweight,0.01
1.8506845456932906,1.9997757239599891,1.999988792894843,Trimodal2D,Genetic,50,10,0.5,randomweight,0.01
0.28600774989705874,5.285513513624122,5.285513513624124,Plateau3D,Genetic,50,10,0.5,onepoint,0.1
-2.6718081421126287,-0.11665798491987893,-0.11665798491987889,SquaredError2D,Genetic,50,10,0.5,onepoint,0.1
1.9026148128855773,1.9976000492197818,1.9976000492197936,Trimodal2D,Genetic,50,10,0.5,onepoint,0.1
-3.230141844211666,10.795736995325836,10.795736995325838,Plateau3D,Genetic,50,10,0.5,twopoint,0.1
-3.830451885812676,-0.003509230203897155,-0.003509230203897155,SquaredError2D,Genetic,50,10,0.5,twopoint,0.1
1.8160018415754768,1.9961125007637404,1.99611250076374,Trimodal2D,Genetic,50,10,0.5,twopoint,0.1
-1.1273540931471306,2.8959233260201502,2.8959233260201986,Plateau3D,Genetic,50,10,0.5,threepoint,0.1
-0.8601940962318912,-0.026755193513353218,-0.02675519351335322,SquaredError2D,Genetic,50,10,0.5,threepoint,0.1
1.4175768079715865,1.993976635100949,1.9939766351009647,Trimodal2D,Genetic,50,10,0.5,threepoint,0.1
-2.768137076771303,10.497342300211299,10.4973423002113,Plateau3D,Genetic,50,10,0.5,mean,0.1
-0.2294941081939096,-0.0005369585770505586,-0.0005369585770505584,SquaredError2D,Genetic,50,10,0.5,mean,0.1
1.8329063990319499,1.9999898565897563,1.999999988264153,Trimodal2D,Genetic,50,10,0.5,mean,0.1
3.861757329058833,5.403514955739393,5.403514955739395,Plateau3D,Genetic,50,10,0.5,fitnessmean,0.1
-0.01925308148181278,-1.119820479843681e-05,-2.934928421997829e-32,SquaredError2D,Genetic,50,10,0.5,fitnessmean,0.1
1.991619271863047,1.9997839747199495,1.9999999146863547,Trimodal2D,Genetic,50,10,0.5,fitnessmean,0.1
3.7706608061146563,6.898129593387204,6.984613266306985,Plateau3D,Genetic,50,10,0.5,randomweight,0.1
-3.255383479525849,-0.00037587630664920085,-3.779034358969076e-80,SquaredError2D,Genetic,50,10,0.5,randomweight,0.1
1.833275861919116,1.9999558996247884,1.9999991849962142,Trimodal2D,Genetic,50,10,0.5,randomweight,0.1
0.3891801061483796,9.342452400876212,9.342452400877207,Plateau3D,Genetic,50,10,0.5,onepoint,0.3
-0.07188478776445177,-0.0021632079881459634,-0.0021632079881459625,SquaredError2D,Genetic,50,10,0.5,onepoint,0.3
1.9021530398068711,1.9995275490636923,1.999527549063694,Trimodal2D,Genetic,50,10,0.5,onepoint,0.3
-2.1932498353620415,11.925060197316498,11.925060197316498,Plateau3D,Genetic,50,10,0.5,twopoint,0.3
-0.0007542231369353859,-0.0007542231369353854,-0.0007542231369353859,SquaredError2D,Genetic,50,10,0.5,twopoint,0.3
1.8768731904881941,1.999966175372799,1.9999661753728049,Trimodal2D,Genetic,50,10,0.5,twopoint,0.3
2.0583673862070944,5.225644755200681,5.225644755200827,Plateau3D,Genetic,50,10,0.5,threepoint,0.3
-3.845535666730941,-0.001579162596638613,-0.0015791625966386144,SquaredError2D,Genetic,50,10,0.5,threepoint,0.3
1.9420915202366544,1.9899052597803157,1.9904835460649952,Trimodal2D,Genetic,50,10,0.5,threepoint,0.3
0.16738525813611344,8.342767396114748,8.36014235671444,Plateau3D,Genetic,50,10,0.5,mean,0.3
-3.3845218682917246,-0.020341044142252664,-0.02034104414225265,SquaredError2D,Genetic,50,10,0.5,mean,0.3
1.90039963826297,1.9841789593581336,1.9841789593581345,Trimodal2D,Genetic,50,10,0.5,mean,0.3
7.9281155641825976,8.201947869081106,8.216985044241893,Plateau3D,Genetic,50,10,0.5,fitnessmean,0.3
nan,nan,nan,SquaredError2D,Genetic,50,10,0.5,fitnessmean,0.3
1.954646722029867,1.9831016617969273,1.983101661796927,Trimodal2D,Genetic,50,10,0.5,fitnessmean,0.3
0.9755608980753522,9.522289389913384,9.648043956709504,Plateau3D,Genetic,50,10,0.5,randomweight,0.3
-1.1310659375719874,-0.00032908267444210635,-1.7799400465630608e-77,SquaredError2D,Genetic,50,10,0.5,randomweight,0.3
1.8160498521891022,1.999550234564558,1.9999998237886965,Trimodal2D,Genetic,50,10,0.5,randomweight,0.3
4.849020751545084,9.763044509202796,9.763044509202794,Plateau3D,Genetic,50,10,1,onepoint,0.01
-0.15147116975101096,-0.15147116975000036,-0.15147116974997946,SquaredError2D,Genetic,50,10,1,onepoint,0.01
1.9314824752401107,1.9993355174358325,1.9993355174358376,Trimodal2D,Genetic,50,10,1,onepoint,0.01
-5.8703033282783785,5.385806263563665,5.38580626356366,Plateau3D,Genetic,50,10,1,twopoint,0.01
-3.305180055615927,-0.012225119716459882,-0.012225119716459875,SquaredError2D,Genetic,50,10,1,twopoint,0.01
1.8423015600495727,1.9803701052051412,1.9809109126638789,Trimodal2D,Genetic,50,10,1,twopoint,0.01
-7.432922198755007,5.183132080416238,5.217693062799727,Plateau3D,Genetic,50,10,1,threepoint,0.01
-3.1891097586199835,-0.11125591100616229,-0.10893885587675783,SquaredError2D,Genetic,50,10,1,threepoint,0.01
1.7642680728487596,1.9857618410346074,1.9858123877816276,Trimodal2D,Genetic,50,10,1,threepoint,0.01
2.0426304684895205,8.011864801774166,8.011864801774166,Plateau3D,Genetic,50,10,1,mean,0.01
-3.3560815234201953,-2.283696877527777e-05,-1.12645294215201e-05,SquaredError2D,Genetic,50,10,1,mean,0.01
1.9440896060781363,1.9998475638214432,1.999989036401929,Trimodal2D,Genetic,50,10,1,mean,0.01
1.2019154917679826,10.403118413873527,10.403388069069301,Plateau3D,Genetic,50,10,1,fitnessmean,0.01
nan,nan,nan,SquaredError2D,Genetic,50,10,1,fitnessmean,0.01
1.8529244181982054,1.9999552107344267,1.9999689341275193,Trimodal2D,Genetic,50,10,1,fitnessmean,0.01
9.274360399793016,11.169838518027962,11.713879264358475,Plateau3D,Genetic,50,10,1,randomweight,0.01
-0.873682866073726,-3.4217297331635476e-05,-6.0906274534518784e-15,SquaredError2D,Genetic,50,10,1,randomweight,0.01
1.8169964244904655,1.9999479407813179,1.9999998188353967,Trimodal2D,Genetic,50,10,1,randomweight,0.01
3.6752747287961536,9.895283761187198,9.980056102027229,Plateau3D,Genetic,50,10,1,onepoint,0.1
-2.382238685843332,-0.012123157791648858,-0.012123157791648858,SquaredError2D,Genetic,50,10,1,onepoint,0.1
1.8987969741455661,1.9999691468441159,1.9999691468441159,Trimodal2D,Genetic,50,10,1,onepoint,0.1
-4.4642185286232365,5.22603117619469,5.228090614661101,Plateau3D,Genetic,50,10,1,twopoint,0.1
-1.6681767042260205,-0.04633884465721503,-0.04589847401899414,SquaredError2D,Genetic,50,10,1,twopoint,0.1
1.8415748526165308,1.9999956293942254,1.9999956293942258,Trimodal2D,Genetic,50,10,1,twopoint,0.1
4.263583560109903,5.1535841057764085,5.187685693005097,Plateau3D,Genetic,50,10,1,threepoint,0.1
-0.849817951925368,-0.0005408612082669043,-0.0005295433060481555,SquaredError2D,Genetic,50,10,1,threepoint,0.1
1.8364106794629187,1.9998491288198035,1.999849128819803,Trimodal2D,Genetic,50,10,1,threepoint,0.1
5.496603965712256,5.513915093934508,5.5191539880017695,Plateau3D,Genetic,50,10,1,mean,0.1
-1.393270267369721,-5.847866745641088e-06,-3.6798181260498027e-09,SquaredError2D,Genetic,50,10,1,mean,0.1
1.8188942836331448,1.9994940645595454,1.9995228290226863,Trimodal2D,Genetic,50,10,1,mean,0.1
0.9216105982123026,6.265519500108614,6.306570859449059,Plateau3D,Genetic,50,10,1,fitnessmean,0.1
nan,nan,nan,SquaredError2D,Genetic,50,10,1,fitnessmean,0.1
1.8389318290023535,1.999676041480601,1.999676041480602,Trimodal2D,Genetic,50,10,1,fitnessmean,0.1
4.889311556140072,12.102065543103093,12.243592757503924,Plateau3D,Genetic,50,10,1,randomweight,0.1
-0.06607155066990468,-0.00013580502633864502,-1.4189750950552432e-17,SquaredError2D,Genetic,50,10,1,randomweight,0.1
1.836690646111977,1.9994776183731184,1.99997191258055,Trimodal2D,Genetic,50,10,1,randomweight,0.1
4.392363686200118,5.2848688486959645,5.284868848695964,Plateau3D,Genetic,50,10,1,onepoint,0.3
-0.6023955728136764,-0.00022976359523463859,-0.00022976359523463853,SquaredError2D,Genetic,50,10,1,onepoint,0.3
1.936745649644366,1.9959270854322704,1.99592708543227,Trimodal2D,Genetic,50,10,1,onepoint,0.3
-2.236770737614486,4.732949986258725,4.732949986258724,Plateau3D,Genetic,50,10,1,twopoint,0.3
-1.8754966657395278,-0.009751425260893768,-0.009751425260892864,SquaredError2D,Genetic,50,10,1,twopoint,0.3
1.8823524656114339,1.9996144852512145,1.9996144852512143,Trimodal2D,Genetic,50,10,1,twopoint,0.3
3.3250168522805357,4.51285267726284,4.512852677262836,Plateau3D,Genetic,50,10,1,threepoint,0.3
-0.10385378878897397,-0.02174654252836275,-0.021400503920807404,SquaredError2D,Genetic,50,10,1,threepoint,0.3
1.8709103803677898,1.9990752029864862,1.9993989796043226,Trimodal2D,Genetic,50,10,1,threepoint,0.3
-1.585351938038521,5.064844980123584,5.1043636257736535,Plateau3D,Genetic,50,10,1,mean,0.3
-0.7219451421103046,-0.00020970249964593894,-9.184606101961672e-06,SquaredError2D,Genetic,50,10,1,mean,0.3
1.9861546556477763,1.9999905193948886,1.999999996958855,Trimodal2D,Genetic,50,10,1,mean,0.3
3.6834266068638803,5.143404259440694,5.162346059926454,Plateau3D,Genetic,50,10,1,fitnessmean,0.3
nan,nan,nan,SquaredError2D,Genetic,50,10,1,fitnessmean,0.3
1.8158768883964094,1.9993392832837056,1.9995638443946806,Trimodal2D,Genetic,50,10,1,fitnessmean,0.3
1.7836283069114218,11.264209775855077,11.449981102628952,Plateau3D,Genetic,50,10,1,randomweight,0.3
-1.9032130281763842,-4.756503423073137e-06,-2.6529160300920864e-14,SquaredError2D,Genetic,50,10,1,randomweight,0.3
1.9167782442216872,1.9997824242201683,1.999999621488529,Trimodal2D,Genetic,50,10,1,randomweight,0.3
4.665493690388571,9.612636451309184,9.612636451309175,Plateau3D,Genetic,50,50,0.1,onepoint,0.01
-0.2335483860790534,-0.00023364035730107395,-0.00023364035730107376,SquaredError2D,Genetic,50,50,0.1,onepoint,0.01
1.9802771494012001,1.9988908980006685,1.9988908980006688,Trimodal2D,Genetic,50,50,0.1,onepoint,0.01
-3.8780016962870416,11.212574494996412,11.21257449499642,Plateau3D,Genetic,50,50,0.1,twopoint,0.01
-0.2959277159842348,-0.002069880379054748,-0.002069880379054748,SquaredError2D,Genetic,50,50,0.1,twopoint,0.01
1.8953513541100726,1.9992378165583,1.999237816558302,Trimodal2D,Genetic,50,50,0.1,twopoint,0.01
-3.6245662275444523,9.540374035899845,9.540374035899834,Plateau3D,Genetic,50,50,0.1,threepoint,0.01
-0.06925472329260378,-0.00010670084868749394,-0.00010670084868749397,SquaredError2D,Genetic,50,50,0.1,threepoint,0.01
1.9396669556641444,1.9999870057156184,1.9999870057156184,Trimodal2D,Genetic,50,50,0.1,threepoint,0.01
1.397397561300697,5.986617892652189,5.98661789265219,Plateau3D,Genetic,50,50,0.1,mean,0.01
-1.515668992752055,-3.7027194812415375e-05,-3.667131706413776e-05,SquaredError2D,Genetic,50,50,0.1,mean,0.01
1.9713171466966295,1.9999816976061529,1.9999822988541345,Trimodal2D,Genetic,50,50,0.1,mean,0.01
0.003263379220823481,11.58261636000817,11.582621313869264,Plateau3D,Genetic,50,50,0.1,fitnessmean,0.01
-0.1354428933661678,-4.264068659338286e-06,-4.209764822561586e-06,SquaredError2D,Genetic,50,50,0.1,fitnessmean,0.01
1.8165106237568724,1.9999993206550735,1.9999999997304865,Trimodal2D,Genetic,50,50,0.1,fitnessmean,0.01
1.405876026164167,12.234438834249836,12.243138878264313,Plateau3D,Genetic,50,50,0.1,randomweight,0.01
-0.8223162539008266,-1.5674350900815507e-08,-1.3467589169309955e-178,SquaredError2D,Genetic,50,50,0.1,randomweight,0.01
1.883543112573834,1.999969844428905,1.999999807469078,Trimodal2D,Genetic,50,50,0.1,randomweight,0.01
8.980449800279901,11.493933009259393,11.493933009259395,Plateau3D,Genetic,50,50,0.1,onepoint,0.1
-1.5737145970351138,-1.0992123813550549e-05,-1.0992123813550549e-05,SquaredError2D,Genetic,50,50,0.1,onepoint,0.1
1.8204645019050567,1.998677542471533,1.9986775424715328,Trimodal2D,Genetic,50,50,0.1,onepoint,0.1
-9.010798409611526,7.9401805899076106,7.9401805899076106,Plateau3D,Genetic,50,50,0.1,twopoint,0.1
-1.1360457231510406,-0.0005386814110248869,-0.0005386814110248869,SquaredError2D,Genetic,50,50,0.1,twopoint,0.1
1.9664112444398163,1.9996911783485396,1.999691178348539,Trimodal2D,Genetic,50,50,0.1,twopoint,0.1
-6.6789382934335775,11.994451564541517,11.994451564541514,Plateau3D,Genetic,50,50,0.1,threepoint,0.1
-0.2344736588539817,-3.122424623279282e-07,-3.122424623279282e-07,SquaredError2D,Genetic,50,50,0.1,threepoint,0.1
1.5904454298113582,1.9999986959253075,1.9999986959253069,Trimodal2D,Genetic,50,50,0.1,threepoint,0.1
-1.4991042272478234,11.29324755233324,11.293247552333227,Plateau3D,Genetic,50,50,0.1,mean,0.1
-0.4468805947232928,-0.0001338852523633581,-0.00013388525236335817,SquaredError2D,Genetic,50,50,0.1,mean,0.1
1.8825577360482026,1.9999898817201338,1.9999898817201347,Trimodal2D,Genetic,50,50,0.1,mean,0.1
0.1872354170384419,9.143586760181257,9.14516388930489,Plateau3D,Genetic,50,50,0.1,fitnessmean,0.1
-0.5482245295763886,-3.224053904492512e-05,-3.171340169514399e-05,SquaredError2D,Genetic,50,50,0.1,fitnessmean,0.1
1.7464549346163396,1.9999996293521352,1.9999999620226487,Trimodal2D,Genetic,50,50,0.1,fitnessmean,0.1
3.1661856649484195,11.577277054078726,11.659750408941196,Plateau3D,Genetic,50,50,0.1,randomweight,0.1
-0.8504106482690514,-4.095097222198536e-08,-3.3206448184002277e-180,SquaredError2D,Genetic,50,50,0.1,randomweight,0.1
1.817547047916936,1.999987290939705,1.9999996227244503,Trimodal2D,Genetic,50,50,0.1,randomweight,0.1
-2.2310107829408468,10.000211425343307,10.0002114253433,Plateau3D,Genetic,50,50,0.1,onepoint,0.3
-0.2881414320910377,-0.001433548150617558,-0.0014335481506175573,SquaredError2D,Genetic,50,50,0.1,onepoint,0.3
1.9020526111921923,1.9932648688251606,1.9932648688251617,Trimodal2D,Genetic,50,50,0.1,onepoint,0.3
5.729148380999176,11.14637300431974,11.146373004319738,Plateau3D,Genetic,50,50,0.1,twopoint,0.3
-1.1382790722619853,-0.0001567168874290828,-0.00015671688742908288,SquaredError2D,Genetic,50,50,0.1,twopoint,0.3
1.02325967458591,1.999053584186155,1.9990535841861554,Trimodal2D,Genetic,50,50,0.1,twopoint,0.3
-0.3521281507483243,11.379384780621564,11.379384780621569,Plateau3D,Genetic,50,50,0.1,threepoint,0.3
-0.7381837578128027,-1.3171094347059162e-06,-1.3171094347059162e-06,SquaredError2D,Genetic,50,50,0.1,threepoint,0.3
1.8300472810875972,1.999627755838477,1.9996277558384767,Trimodal2D,Genetic,50,50,0.1,threepoint,0.3
4.6334984373899815,10.794221664007262,10.794221664007267,Plateau3D,Genetic,50,50,0.1,mean,0.3
-0.6180423831465751,-2.392111549334162e-05,-2.3921115493341633e-05,SquaredError2D,Genetic,50,50,0.1,mean,0.3
1.9893126512147692,1.9999999260189978,1.9999999979352256,Trimodal2D,Genetic,50,50,0.1,mean,0.3
4.067590964101179,12.223010171145997,12.231692624642163,Plateau3D,Genetic,50,50,0.1,fitnessmean,0.3
-3.1485873424757065,-0.00012200471219930896,-0.00012145704073515626,SquaredError2D,Genetic,50,50,0.1,fitnessmean,0.3
1.8536381979877778,1.9999998071596792,1.9999998071596803,Trimodal2D,Genetic,50,50,0.1,fitnessmean,0.3
-0.2957700105130376,12.233366868134029,12.244813518618272,Plateau3D,Genetic,50,50,0.1,randomweight,0.3
-0.2848898631353767,-1.016644145495739e-06,-5.5543498104267255e-183,SquaredError2D,Genetic,50,50,0.1,randomweight,0.3
1.9775952910914132,1.9999945338520353,1.999999945486529,Trimodal2D,Genetic,50,50,0.1,randomweight,0.3
-2.648892446268971,12.02228378978567,12.05374715798764,Plateau3D,Genetic,50,50,0.5,onepoint,0.01
-0.9714315527726363,-0.0009760861000818053,-0.0009760861000818052,SquaredError2D,Genetic,50,50,0.5,onepoint,0.01
1.8367424133599934,1.9996047343257133,1.999604734325713,Trimodal2D,Genetic,50,50,0.5,onepoint,0.01
4.835715952928456,11.335240778139626,11.336076491584306,Plateau3D,Genetic,50,50,0.5,twopoint,0.01
-2.1949916077255667,-9.066510363059728e-06,-8.285226500726536e-06,SquaredError2D,Genetic,50,50,0.5,twopoint,0.01
1.6055607482208614,1.9997764032418703,1.999776403241871,Trimodal2D,Genetic,50,50,0.5,twopoint,0.01
-8.910614786772841,12.22726019187867,12.236638425223681,Plateau3D,Genetic,50,50,0.5,threepoint,0.01
-1.0055038693648228,-0.0001966826479619154,-0.00016881259914312737,SquaredError2D,Genetic,50,50,0.5,threepoint,0.01
0.22741814508073976,1.9997759069716754,1.9998115171426742,Trimodal2D,Genetic,50,50,0.5,threepoint,0.01
3.929375463838737,9.99905254157352,9.999052541573507,Plateau3D,Genetic,50,50,0.5,mean,0.01
-0.7396872536581749,-3.851722145814271e-07,-5.840746755132087e-24,SquaredError2D,Genetic,50,50,0.5,mean,0.01
1.9963374874201667,1.9999990285403917,2.0,Trimodal2D,Genetic,50,50,0.5,mean,0.01
5.369268035642792,11.729845641821292,11.839595336228601,Plateau3D,Genetic,50,50,0.5,fitnessmean,0.01
nan,nan,nan,SquaredError2D,Genetic,50,50,0.5,fitnessmean,0.01
1.9026416300245916,1.999998637317991,2.0,Trimodal2D,Genetic,50,50,0.5,fitnessmean,0.01
4.032551746733917,9.48265925663141,9.482659256631408,Plateau3D,Genetic,50,50,0.5,randomweight,0.01
-1.0262707652082985,-8.003180465610757e-09,-4.623122592298979e-101,SquaredError2D,Genetic,50,50,0.5,randomweight,0.01
1.47988290487188,1.9999317700426638,1.9999990249303041,Trimodal2D,Genetic,50,50,0.5,randomweight,0.01
3.1052540593679834,11.985934604041505,11.989883493768284,Plateau3D,Genetic,50,50,0.5,onepoint,0.1
-0.2575499468329546,-0.000951377926686214,-0.0009513779266862135,SquaredError2D,Genetic,50,50,0.5,onepoint,0.1
1.817115555709007,1.9999973645324454,1.999997714806071,Trimodal2D,Genetic,50,50,0.5,onepoint,0.1
4.302795618608367,5.490859385476729,5.492040516709977,Plateau3D,Genetic,50,50,0.5,twopoint,0.1
-2.0697479849003266,-1.5343307194014445e-06,-1.7172120953027124e-07,SquaredError2D,Genetic,50,50,0.5,twopoint,0.1
1.8306949019780412,1.9999991659231011,1.9999991659231013,Trimodal2D,Genetic,50,50,0.5,twopoint,0.1
-7.436909985388864,11.734728653553983,11.808390732457427,Plateau3D,Genetic,50,50,0.5,threepoint,0.1
-0.005700365402093619,-4.278427741619282e-05,-3.025840731647562e-05,SquaredError2D,Genetic,50,50,0.5,threepoint,0.1
1.870817270920777,1.9999962600386703,1.9999965009700846,Trimodal2D,Genetic,50,50,0.5,threepoint,0.1
-2.8305622489326208,10.885170929529473,10.885170929529478,Plateau3D,Genetic,50,50,0.5,mean,0.1
-1.0622889964523872,-1.7058614405230205e-06,-0.0,SquaredError2D,Genetic,50,50,0.5,mean,0.1
1.3670668772433108,1.9999999986428794,2.0,Trimodal2D,Genetic,50,50,0.5,mean,0.1
2.998975031362539,8.838689862441198,9.064244145985114,Plateau3D,Genetic,50,50,0.5,fitnessmean,0.1
nan,nan,nan,SquaredError2D,Genetic,50,50,0.5,fitnessmean,0.1
1.9919871699314637,1.9999999979252314,2.0,Trimodal2D,Genetic,50,50,0.5,fitnessmean,0.1
4.047345482710556,12.159109686317294,12.20546155421779,Plateau3D,Genetic,50,50,0.5,randomweight,0.1
-0.005043430591851369,-9.349238174327351e-08,-2.1065888964977144e-134,SquaredError2D,Genetic,50,50,0.5,randomweight,0.1
1.9164864810490578,1.9999972710842846,1.9999990906379437,Trimodal2D,Genetic,50,50,0.5,randomweight,0.1
-0.06203713506761317,12.015758611719336,12.023203071686037,Plateau3D,Genetic,50,50,0.5,onepoint,0.3
-1.5919145684125946,-0.000123220933351819,-0.00012322093335181893,SquaredError2D,Genetic,50,50,0.5,onepoint,0.3
1.8728371481251405,1.998419266560197,1.9984192665601967,Trimodal2D,Genetic,50,50,0.5,onepoint,0.3
1.1440086232896474,11.17217715620563,11.172177156205631,Plateau3D,Genetic,50,50,0.5,twopoint,0.3
-2.9136574868485736,-1.8845400289480714e-05,-1.6425034774206202e-05,SquaredError2D,Genetic,50,50,0.5,twopoint,0.3
1.9565931563082892,1.9999512976996565,1.9999512976996576,Trimodal2D,Genetic,50,50,0.5,twopoint,0.3
-2.0494782517551964,11.980531162915254,11.98064880745328,Plateau3D,Genetic,50,50,0.5,threepoint,0.3
-0.0006765915615689326,-1.6073010385825086e-06,-1.6073010385825094e-06,SquaredError2D,Genetic,50,50,0.5,threepoint,0.3
1.8348325176611104,1.9999999364329097,1.9999999364329093,Trimodal2D,Genetic,50,50,0.5,threepoint,0.3
1.4958393732791198,9.8304752280922,9.8304752280922,Plateau3D,Genetic,50,50,0.5,mean,0.3
-0.4571389934748948,-1.2556309472519285e-05,-0.0,SquaredError2D,Genetic,50,50,0.5,mean,0.3
1.5839278731199455,1.9999948245242605,2.0,Trimodal2D,Genetic,50,50,0.5,mean,0.3
0.8908967772397938,11.640047240350356,11.702125951090188,Plateau3D,Genetic,50,50,0.5,fitnessmean,0.3
nan,nan,nan,SquaredError2D,Genetic,50,50,0.5,fitnessmean,0.3
1.83129593305592,1.9999998984473535,2.0,Trimodal2D,Genetic,50,50,0.5,fitnessmean,0.3
0.07683572841645817,11.232783899290245,11.294677648670248,Plateau3D,Genetic,50,50,0.5,randomweight,0.3
-0.1588102550714213,-1.0630277294324526e-07,-9.638567414545863e-113,SquaredError2D,Genetic,50,50,0.5,randomweight,0.3
1.8904765303300946,1.999985984180926,1.99999989767116,Trimodal2D,Genetic,50,50,0.5,randomweight,0.3
3.4445588956147826,12.007955324729675,12.018146365683219,Plateau3D,Genetic,50,50,1,onepoint,0.01
-0.34087851545793485,-0.0004954415429804925,-0.0004954415429804922,SquaredError2D,Genetic,50,50,1,onepoint,0.01
1.9992841390090723,1.999673343980448,1.999677117340448,Trimodal2D,Genetic,50,50,1,onepoint,0.01
1.927371674679058,11.640456032654091,11.64045603265425,Plateau3D,Genetic,50,50,1,twopoint,0.01
-0.16081409704879746,-2.631059110415006e-05,-2.6310591104009978e-05,SquaredError2D,Genetic,50,50,1,twopoint,0.01
1.8161585397146018,1.999998743393783,1.9999987433937834,Trimodal2D,Genetic,50,50,1,twopoint,0.01
-4.5410898756266,11.233149839372269,11.321147659082632,Plateau3D,Genetic,50,50,1,threepoint,0.01
-1.3821478372813742,-0.00020958497832411306,-0.00020745953666359728,SquaredError2D,Genetic,50,50,1,threepoint,0.01
1.929857915226183,1.999993765367607,1.9999938666953943,Trimodal2D,Genetic,50,50,1,threepoint,0.01
-8.28970027903972,8.828657008579256,8.828657008579263,Plateau3D,Genetic,50,50,1,mean,0.01
-0.11270160681117315,-8.670268698263632e-07,-6.491888380048882e-08,SquaredError2D,Genetic,50,50,1,mean,0.01
1.817659971294524,1.9999976632941885,1.9999984680949696,Trimodal2D,Genetic,50,50,1,mean,0.01
nan,nan,nan,Plateau3D,Genetic,50,50,1,fitnessmean,0.01
nan,nan,nan,SquaredError2D,Genetic,50,50,1,fitnessmean,0.01
1.8778660309713837,1.9999995554736636,1.9999999404448348,Trimodal2D,Genetic,50,50,1,fitnessmean,0.01
-0.9203961165856201,11.158423537773421,11.511372067592221,Plateau3D,Genetic,50,50,1,randomweight,0.01
-2.938303524887533,-7.764757898777693e-07,-1.4205027970599291e-12,SquaredError2D,Genetic,50,50,1,randomweight,0.01
1.982070145364132,1.9999960968866761,1.9999999394428039,Trimodal2D,Genetic,50,50,1,randomweight,0.01
-2.346751859907978,11.913511836182805,11.923517122813896,Plateau3D,Genetic,50,50,1,onepoint,0.1
-1.1862291528384268,-0.00039003670002172685,-0.00039003670002172675,SquaredError2D,Genetic,50,50,1,onepoint,0.1
1.8161863900743267,1.9999169422196115,1.9999169422196124,Trimodal2D,Genetic,50,50,1,onepoint,0.1
0.02564954455921991,11.655424494067494,11.662781879799407,Plateau3D,Genetic,50,50,1,twopoint,0.1
-2.824680548805271,-5.72008698761948e-05,-4.6609714755494714e-05,SquaredError2D,Genetic,50,50,1,twopoint,0.1
1.7917631792053523,1.999853488045933,1.9998534880459347,Trimodal2D,Genetic,50,50,1,twopoint,0.1
9.033688758970506,12.027828253516182,12.027828253516715,Plateau3D,Genetic,50,50,1,threepoint,0.1
-0.7206697368868272,-5.442312749707021e-06,-5.940718407409209e-08,SquaredError2D,Genetic,50,50,1,threepoint,0.1
1.8665891469541265,1.9998483212187506,1.9999510246923562,Trimodal2D,Genetic,50,50,1,threepoint,0.1
-0.2741867778447842,10.825914363190638,10.825914363190643,Plateau3D,Genetic,50,50,1,mean,0.1
-0.3246443519515864,-1.542312789483536e-05,-1.1663541740097704e-05,SquaredError2D,Genetic,50,50,1,mean,0.1
1.8854515094011703,1.999988209580215,1.9999999772685628,Trimodal2D,Genetic,50,50,1,mean,0.1
nan,nan,nan,Plateau3D,Genetic,50,50,1,fitnessmean,0.1
nan,nan,nan,SquaredError2D,Genetic,50,50,1,fitnessmean,0.1
1.9946608627054134,1.9999757583368056,1.9999999958976797,Trimodal2D,Genetic,50,50,1,fitnessmean,0.1
-1.286856039428948,6.386870699560149,6.3868706995601485,Plateau3D,Genetic,50,50,1,randomweight,0.1
-2.7951649129636884,-5.84826199748492e-07,-1.62595573856284e-10,SquaredError2D,Genetic,50,50,1,randomweight,0.1
1.8216626964449405,1.9999940265344103,1.9999979745180008,Trimodal2D,Genetic,50,50,1,randomweight,0.1
3.4787517048939702,11.954940863564772,12.065090049639547,Plateau3D,Genetic,50,50,1,onepoint,0.3
-3.1134164584815562,-0.007860828990240166,-0.007860828990240166,SquaredError2D,Genetic,50,50,1,onepoint,0.3
1.927643485502507,1.9999896741922227,1.999989674192222,Trimodal2D,Genetic,50,50,1,onepoint,0.3
-5.749778625361889,10.539614883469335,10.539614883469978,Plateau3D,Genetic,50,50,1,twopoint,0.3
-1.3253851515269977,-7.36634781582119e-05,-7.323859778714801e-05,SquaredError2D,Genetic,50,50,1,twopoint,0.3
1.8230809603352234,1.999895324046862,1.9998953240468627,Trimodal2D,Genetic,50,50,1,twopoint,0.3
4.3418150969420495,12.157948887749816,12.158402453703895,Plateau3D,Genetic,50,50,1,threepoint,0.3
-2.8065681570077494,-6.87901470373434e-05,-6.879014703734345e-05,SquaredError2D,Genetic,50,50,1,threepoint,0.3
1.989531618446677,1.9999991207331653,1.9999991207331662,Trimodal2D,Genetic,50,50,1,threepoint,0.3
1.4066755879299924,9.7940565092937,9.794056509293702,Plateau3D,Genetic,50,50,1,mean,0.3
-0.9392719072690723,-1.0505533967757509e-05,-2.7756173439489993e-06,SquaredError2D,Genetic,50,50,1,mean,0.3
1.97875260677439,1.9999963916618388,1.9999981615392595,Trimodal2D,Genetic,50,50,1,mean,0.3
0.537423590416842,11.04254529753026,11.193907335608378,Plateau3D,Genetic,50,50,1,fitnessmean,0.3
nan,nan,nan,SquaredError2D,Genetic,50,50,1,fitnessmean,0.3
1.974400548130678,1.9999947225936412,1.9999998375016907,Trimodal2D,Genetic,50,50,1,fitnessmean,0.3
-3.7644374287752176,11.328460541361137,11.53595094834984,Plateau3D,Genetic,50,50,1,randomweight,0.3
-0.08429642899985759,-8.844781878081951e-08,-9.407028350109629e-13,SquaredError2D,Genetic,50,50,1,randomweight,0.3
1.8785103641319314,1.9999845751748544,1.9999999975003193,Trimodal2D,Genetic,50,50,1,randomweight,0.3
4.519685128257451,10.954443775519762,10.95444377551977,Plateau3D,Genetic,50,100,0.1,onepoint,0.01
-1.52981378222555,-0.0018480633769473865,-0.0018480633769473863,SquaredError2D,Genetic,50,100,0.1,onepoint,0.01
1.9507328588408641,1.999987455377827,1.9999874553778263,Trimodal2D,Genetic,50,100,0.1,onepoint,0.01
2.5539020078551453,11.281575903543871,11.281575903543878,Plateau3D,Genetic,50,100,0.1,twopoint,0.01
-0.5261431635309578,-0.00013923157992813773,-0.00013923157992813773,SquaredError2D,Genetic,50,100,0.1,twopoint,0.01
1.5537666445818759,1.9999968216319022,1.9999968216319015,Trimodal2D,Genetic,50,100,0.1,twopoint,0.01
-1.4323752952315094,12.026980020790688,12.026980020790688,Plateau3D,Genetic,50,100,0.1,threepoint,0.01
-1.1998514394611315,-1.1690379269913232e-07,-1.1690379269913234e-07,SquaredError2D,Genetic,50,100,0.1,threepoint,0.01
1.8275040552038386,1.9999986211076515,1.999998621107654,Trimodal2D,Genetic,50,100,0.1,threepoint,0.01
-4.437695122406852,11.761050376215255,11.761050376215254,Plateau3D,Genetic,50,100,0.1,mean,0.01
-0.6231691125694634,-7.835047041039445e-09,-2.3150588335288696e-09,SquaredError2D,Genetic,50,100,0.1,mean,0.01
1.8325702615579267,1.9999967132858316,1.9999967132858303,Trimodal2D,Genetic,50,100,0.1,mean,0.01
10.270187129269887,12.24370487425964,12.243704874259643,Plateau3D,Genetic,50,100,0.1,fitnessmean,0.01
-0.35830694641175126,-5.959517294711331e-09,-1.7088719954452823e-15,SquaredError2D,Genetic,50,100,0.1,fitnessmean,0.01
1.875813498528717,1.9999999938099335,1.9999999999938782,Trimodal2D,Genetic,50,100,0.1,fitnessmean,0.01
-1.882626199168496,12.24400385029453,12.24506974640656,Plateau3D,Genetic,50,100,0.1,randomweight,0.01
-3.1291674970730186,-7.482621003946253e-12,-7.4507902315644875e-196,SquaredError2D,Genetic,50,100,0.1,randomweight,0.01
1.9596507801350056,1.9999986869305957,1.9999999677158993,Trimodal2D,Genetic,50,100,0.1,randomweight,0.01
-8.05572641204437,10.898295159631987,10.89829515963209,Plateau3D,Genetic,50,100,0.1,onepoint,0.1
-0.2698144845823385,-4.758413525672871e-06,-4.758413525672869e-06,SquaredError2D,Genetic,50,100,0.1,onepoint,0.1
1.67619686431593,1.999828976520115,1.9998289765201136,Trimodal2D,Genetic,50,100,0.1,onepoint,0.1
0.07739219593512213,11.928602178640201,11.928602178640212,Plateau3D,Genetic,50,100,0.1,twopoint,0.1
-0.7983355628630867,-9.071333054654115e-07,-9.071333054654115e-07,SquaredError2D,Genetic,50,100,0.1,twopoint,0.1
1.8601560096070957,1.9997246791229057,1.9997246791229049,Trimodal2D,Genetic,50,100,0.1,twopoint,0.1
4.71299968387631,11.183636866900926,11.183636866900937,Plateau3D,Genetic,50,100,0.1,threepoint,0.1
-0.20044327438431184,-0.00010680746531424954,-0.00010680746531424957,SquaredError2D,Genetic,50,100,0.1,threepoint,0.1
1.84638678110553,1.9998726257495019,1.9998726257495012,Trimodal2D,Genetic,50,100,0.1,threepoint,0.1
4.385549086169112,11.227203651110498,11.229611449212276,Plateau3D,Genetic,50,100,0.1,mean,0.1
-0.1400632971359075,-6.622822113374147e-08,-2.3738834756395e-08,SquaredError2D,Genetic,50,100,0.1,mean,0.1
1.8387521234167599,1.9999996537795652,1.9999998804632488,Trimodal2D,Genetic,50,100,0.1,mean,0.1
3.1812819481575545,12.132270433188694,12.133452269073642,Plateau3D,Genetic,50,100,0.1,fitnessmean,0.1
-2.1455545490655274,-3.1638135405545e-15,-4.642610688747659e-16,SquaredError2D,Genetic,50,100,0.1,fitnessmean,0.1
1.8464044797468364,1.99999934425225,1.9999994205669922,Trimodal2D,Genetic,50,100,0.1,fitnessmean,0.1
-0.8901613490813657,12.243014611968844,12.245062826190686,Plateau3D,Genetic,50,100,0.1,randomweight,0.1
-0.020016172695489592,-8.755866886423479e-10,-3.745984833367505e-223,SquaredError2D,Genetic,50,100,0.1,randomweight,0.1
1.9906967718308655,1.9999998183862449,1.9999999846088083,Trimodal2D,Genetic,50,100,0.1,randomweight,0.1
-0.6921271526285161,11.402679039197002,11.40267903919701,Plateau3D,Genetic,50,100,0.1,onepoint,0.3
-0.029018237732643216,-0.0002788085393333854,-0.00027880853933338564,SquaredError2D,Genetic,50,100,0.1,onepoint,0.3
1.8213622353924483,1.9997069945654051,1.9997069945654051,Trimodal2D,Genetic,50,100,0.1,onepoint,0.3
3.2169775636756963,11.264538101136395,11.264538101136402,Plateau3D,Genetic,50,100,0.1,twopoint,0.3
-2.423128322257702,-4.199949822369712e-05,-4.1999498223697117e-05,SquaredError2D,Genetic,50,100,0.1,twopoint,0.3
1.8492317079944571,1.9999821122177117,1.9999821122177113,Trimodal2D,Genetic,50,100,0.1,twopoint,0.3
1.4675924920725614,11.798932123996527,11.79893212399653,Plateau3D,Genetic,50,100,0.1,threepoint,0.3
-3.5302390327566564,-4.394674426014369e-06,-4.394674426014372e-06,SquaredError2D,Genetic,50,100,0.1,threepoint,0.3
1.8376025047652054,1.9999818533077505,1.9999818533077507,Trimodal2D,Genetic,50,100,0.1,threepoint,0.3
-2.197298619878337,11.615417356781236,11.617681499733086,Plateau3D,Genetic,50,100,0.1,mean,0.3
-0.2423091473337242,-7.78556772438761e-11,-7.785567724387608e-11,SquaredError2D,Genetic,50,100,0.1,mean,0.3
1.8706200056061517,1.9999982057845314,1.9999982057845314,Trimodal2D,Genetic,50,100,0.1,mean,0.3
-2.7017730344277253,11.644646043947589,11.644646043947587,Plateau3D,Genetic,50,100,0.1,fitnessmean,0.3
-0.20213316331679793,-3.636068073865662e-08,-4.168020125201192e-09,SquaredError2D,Genetic,50,100,0.1,fitnessmean,0.3
1.995931356647185,1.9999940649542371,1.9999940649542363,Trimodal2D,Genetic,50,100,0.1,fitnessmean,0.3
9.99456321241387,12.24500376443806,12.24506845234273,Plateau3D,Genetic,50,100,0.1,randomweight,0.3
-0.006501259532274504,-2.989710571593005e-09,-2.4025925654703614e-193,SquaredError2D,Genetic,50,100,0.1,randomweight,0.3
1.4313553848313831,1.9999998681996112,1.9999999975980491,Trimodal2D,Genetic,50,100,0.1,randomweight,0.3
-1.130015252752725,12.086568338296939,12.086568338296935,Plateau3D,Genetic,50,100,0.5,onepoint,0.01
-0.0865924060040526,-0.0015692424745390571,-0.0015692424745390576,SquaredError2D,Genetic,50,100,0.5,onepoint,0.01
1.8448428351864878,1.999969237751743,1.9999692377517433,Trimodal2D,Genetic,50,100,0.5,onepoint,0.01
-3.675321721601737,12.064130805865519,12.069412672356387,Plateau3D,Genetic,50,100,0.5,twopoint,0.01
-3.7721986319664342,-4.318899998494646e-06,-4.3188999984946465e-06,SquaredError2D,Genetic,50,100,0.5,twopoint,0.01
1.8387968981003027,1.9999868531774951,1.999986853177495,Trimodal2D,Genetic,50,100,0.5,twopoint,0.01
-3.086232327843163,11.777269394193768,11.785837750575556,Plateau3D,Genetic,50,100,0.5,threepoint,0.01
-0.8239883388039441,-9.237001071135564e-06,-9.237001071135561e-06,SquaredError2D,Genetic,50,100,0.5,threepoint,0.01
1.9917842479386432,1.9994527155210313,1.9994573780988107,Trimodal2D,Genetic,50,100,0.5,threepoint,0.01
-9.46944423149622,10.896829147229598,10.896829147229594,Plateau3D,Genetic,50,100,0.5,mean,0.01
-0.001700485721878812,-5.289544900559037e-07,-0.0,SquaredError2D,Genetic,50,100,0.5,mean,0.01
1.84833006024479,1.9999980281063232,2.0,Trimodal2D,Genetic,50,100,0.5,mean,0.01
3.3315389146125987,12.220979388437247,12.245117575278602,Plateau3D,Genetic,50,100,0.5,fitnessmean,0.01
nan,nan,nan,SquaredError2D,Genetic,50,100,0.5,fitnessmean,0.01
1.9181677140617794,1.9999999996992694,2.0,Trimodal2D,Genetic,50,100,0.5,fitnessmean,0.01
-3.473229909478812,12.207259996036587,12.241619290912732,Plateau3D,Genetic,50,100,0.5,randomweight,0.01
-1.2971965451827219,-9.98610453562627e-08,-3.3808467641324815e-131,SquaredError2D,Genetic,50,100,0.5,randomweight,0.01
1.8875064349699342,1.999994237118592,1.9999999999878069,Trimodal2D,Genetic,50,100,0.5,randomweight,0.01
1.0254451086675862,12.022674323130625,12.033922765634758,Plateau3D,Genetic,50,100,0.5,onepoint,0.1
-1.8453647765100876,-0.0009143732988709566,-0.0009143732988709572,SquaredError2D,Genetic,50,100,0.5,onepoint,0.1
1.9930841558407704,1.9999971952375282,1.9999971952375297,Trimodal2D,Genetic,50,100,0.5,onepoint,0.1
1.0759468597825572,12.203096481056372,12.207757216860482,Plateau3D,Genetic,50,100,0.5,twopoint,0.1
-0.13343389489597163,-1.6599493832586777e-07,-1.659949383204557e-07,SquaredError2D,Genetic,50,100,0.5,twopoint,0.1
1.9315355886564314,1.9999998830104926,1.9999998830104935,Trimodal2D,Genetic,50,100,0.5,twopoint,0.1
-0.5933976578314618,11.702026145813086,11.715896192243468,Plateau3D,Genetic,50,100,0.5,threepoint,0.1
-3.667831428269041,-5.120047000767126e-06,-3.0826851783626296e-06,SquaredError2D,Genetic,50,100,0.5,threepoint,0.1
1.9722558642690022,1.9999988958970485,1.9999999017079422,Trimodal2D,Genetic,50,100,0.5,threepoint,0.1
1.468156288775841,11.584315648311671,11.584315648311675,Plateau3D,Genetic,50,100,0.5,mean,0.1
-0.25656333864375885,-4.473606635685045e-07,-0.0,SquaredError2D,Genetic,50,100,0.5,mean,0.1
1.898067367977949,1.999999526863238,2.0,Trimodal2D,Genetic,50,100,0.5,mean,0.1
-0.008054827666982315,12.239110966012403,12.24510026243024,Plateau3D,Genetic,50,100,0.5,fitnessmean,0.1
nan,nan,nan,SquaredError2D,Genetic,50,100,0.5,fitnessmean,0.1
1.76102633030643,1.9999999533755313,2.0,Trimodal2D,Genetic,50,100,0.5,fitnessmean,0.1
1.1925597912433346,12.242477390694033,12.244619181584484,Plateau3D,Genetic,50,100,0.5,randomweight,0.1
-1.4315586170346801,-2.499356934609885e-09,-2.3155700419863933e-133,SquaredError2D,Genetic,50,100,0.5,randomweight,0.1
1.9026128710369345,1.999999906881152,1.9999999920101057,Trimodal2D,Genetic,50,100,0.5,randomweight,0.1
-0.12609839964634462,11.400939141348923,11.40093914134892,Plateau3D,Genetic,50,100,0.5,onepoint,0.3
-1.7049151934308748,-0.0006853235006840193,-0.0006853235006840191,SquaredError2D,Genetic,50,100,0.5,onepoint,0.3
1.9623113772332652,1.9999903691031742,1.9999903691031744,Trimodal2D,Genetic,50,100,0.5,onepoint,0.3
-8.323827639568202,11.803122646859418,11.814161813974435,Plateau3D,Genetic,50,100,0.5,twopoint,0.3
-1.851935283173902,-6.623145714815694e-07,-6.623145714815691e-07,SquaredError2D,Genetic,50,100,0.5,twopoint,0.3
1.9861456446044483,1.9999876259301597,1.999987625930158,Trimodal2D,Genetic,50,100,0.5,twopoint,0.3
-0.04352711262926532,12.21005364195401,12.211410357034396,Plateau3D,Genetic,50,100,0.5,threepoint,0.3
-0.9864152126235883,-7.225879561667941e-06,-7.225879561667944e-06,SquaredError2D,Genetic,50,100,0.5,threepoint,0.3
1.9094710155072683,1.9999940230795885,1.9999940230795892,Trimodal2D,Genetic,50,100,0.5,threepoint,0.3
-1.0255506867141566,11.47235494214578,11.472354942145776,Plateau3D,Genetic,50,100,0.5,mean,0.3
-0.4641592048402378,-9.774265887688154e-07,-0.0,SquaredError2D,Genetic,50,100,0.5,mean,0.3
1.886068946475321,1.9999999998930864,2.0,Trimodal2D,Genetic,50,100,0.5,mean,0.3
1.1035587784614267,11.971879221596902,11.992675679904615,Plateau3D,Genetic,50,100,0.5,fitnessmean,0.3
nan,nan,nan,SquaredError2D,Genetic,50,100,0.5,fitnessmean,0.3
1.9748479412144908,1.9999999959752828,2.0,Trimodal2D,Genetic,50,100,0.5,fitnessmean,0.3
3.7763495432715666,12.062455497305596,12.072495296791594,Plateau3D,Genetic,50,100,0.5,randomweight,0.3
-0.6650274989780572,-2.5131857290731735e-07,-5.961123439703292e-138,SquaredError2D,Genetic,50,100,0.5,randomweight,0.3
1.8780660041382187,1.9999948334612128,1.9999999944864668,Trimodal2D,Genetic,50,100,0.5,randomweight,0.3
-1.051559679121427,12.00004250041595,12.01412284706489,Plateau3D,Genetic,50,100,1,onepoint,0.01
-0.5418137391642939,-0.0008099051802817412,-0.0008099051802753023,SquaredError2D,Genetic,50,100,1,onepoint,0.01
1.980785821399575,1.9999543354497673,1.9999543354497684,Trimodal2D,Genetic,50,100,1,onepoint,0.01
-3.2517071654680003,11.724509787420068,11.726343957227805,Plateau3D,Genetic,50,100,1,twopoint,0.01
-0.7398315102277676,-2.561071060785589e-06,-1.648973301937591e-06,SquaredError2D,Genetic,50,100,1,twopoint,0.01
1.8754981144535938,1.999917732521555,1.999948241338914,Trimodal2D,Genetic,50,100,1,twopoint,0.01
-3.4171773929789526,12.174775796093789,12.222127175047106,Plateau3D,Genetic,50,100,1,threepoint,0.01
-0.49211372484892213,-3.7961926517298437e-06,-3.7961926517298437e-06,SquaredError2D,Genetic,50,100,1,threepoint,0.01
1.8664074021983463,1.9999670947600954,1.9999802988621393,Trimodal2D,Genetic,50,100,1,threepoint,0.01
-7.22712185201568,11.707818069228344,11.707818069228342,Plateau3D,Genetic,50,100,1,mean,0.01
-0.24982206773030502,-3.719363429627792e-07,-3.248394965811038e-07,SquaredError2D,Genetic,50,100,1,mean,0.01
1.9999806199444206,1.999999899254227,1.9999999964039228,Trimodal2D,Genetic,50,100,1,mean,0.01
nan,nan,nan,Plateau3D,Genetic,50,100,1,fitnessmean,0.01
nan,nan,nan,SquaredError2D,Genetic,50,100,1,fitnessmean,0.01
1.8165319447744763,1.999999606146053,1.9999999725172846,Trimodal2D,Genetic,50,100,1,fitnessmean,0.01
-0.143881061648124,11.498314540353256,12.07836525482211,Plateau3D,Genetic,50,100,1,randomweight,0.01
-0.07675333529306724,-4.160832993577885e-07,-4.0737125687436264e-09,SquaredError2D,Genetic,50,100,1,randomweight,0.01
1.896772405294973,1.999999917169089,1.9999999999979732,Trimodal2D,Genetic,50,100,1,randomweight,0.01
-9.495154190447328,12.192459808405507,12.197134428321348,Plateau3D,Genetic,50,100,1,onepoint,0.1
-0.08068298633895438,-0.0007191039394934284,-0.0007191039394906264,SquaredError2D,Genetic,50,100,1,onepoint,0.1
1.9358790232274619,1.999999932709991,1.9999999327099909,Trimodal2D,Genetic,50,100,1,onepoint,0.1
-1.9546698293185765,12.217112869780795,12.242528135878366,Plateau3D,Genetic,50,100,1,twopoint,0.1
-0.002831327281200992,-2.257402771157967e-06,-1.8922819876466032e-06,SquaredError2D,Genetic,50,100,1,twopoint,0.1
1.951340293640528,1.9999779011578953,1.9999791393023716,Trimodal2D,Genetic,50,100,1,twopoint,0.1
0.42290605782487256,12.0785605239483,12.079988448260814,Plateau3D,Genetic,50,100,1,threepoint,0.1
-0.003956989086419817,-8.941343893150376e-06,-8.436718936161365e-06,SquaredError2D,Genetic,50,100,1,threepoint,0.1
1.8794296377643338,1.9999905700898393,1.9999999593049287,Trimodal2D,Genetic,50,100,1,threepoint,0.1
-0.07704101861278877,11.284037979245923,11.28403797924593,Plateau3D,Genetic,50,100,1,mean,0.1
-0.16992278665562127,-3.7991635083711548e-06,-2.228533786932517e-08,SquaredError2D,Genetic,50,100,1,mean,0.1
1.8164744478498662,1.9999998071013871,1.999999996916199,Trimodal2D,Genetic,50,100,1,mean,0.1
nan,nan,nan,Plateau3D,Genetic,50,100,1,fitnessmean,0.1
nan,nan,nan,SquaredError2D,Genetic,50,100,1,fitnessmean,0.1
1.1374058833445662,1.999999207752229,1.9999998884988928,Trimodal2D,Genetic,50,100,1,fitnessmean,0.1
-1.0935633816536152,12.046478547883932,12.112216356245513,Plateau3D,Genetic,50,100,1,randomweight,0.1
-0.16253970552243677,-5.470523288154428e-07,-6.381994771144192e-10,SquaredError2D,Genetic,50,100,1,randomweight,0.1
1.993491608698919,1.9999985760056662,1.999999994903796,Trimodal2D,Genetic,50,100,1,randomweight,0.1
3.6444055839499416,11.87216034646159,11.874274833957985,Plateau3D,Genetic,50,100,1,onepoint,0.3
-0.051055963552240693,-0.0002390964371680508,-0.000239096437165302,SquaredError2D,Genetic,50,100,1,onepoint,0.3
1.8313311496037485,1.9998247567162484,1.999826192296367,Trimodal2D,Genetic,50,100,1,onepoint,0.3
-0.009964582915752024,12.24491926465677,12.24491926465677,Plateau3D,Genetic,50,100,1,twopoint,0.3
-0.3325127620140754,-5.781487569754075e-06,-3.850761199336251e-06,SquaredError2D,Genetic,50,100,1,twopoint,0.3
1.8330549247516925,1.9999898222151085,1.9999922567710313,Trimodal2D,Genetic,50,100,1,twopoint,0.3
-9.899267651934988,12.17904644900627,12.208600920126777,Plateau3D,Genetic,50,100,1,threepoint,0.3
-0.10369389326783211,-2.7909867550215474e-08,-2.790986755021547e-08,SquaredError2D,Genetic,50,100,1,threepoint,0.3
1.600542263149889,1.9998153872306343,1.9998414310694677,Trimodal2D,Genetic,50,100,1,threepoint,0.3
-0.043750126416659416,11.13822266835518,11.138222668355173,Plateau3D,Genetic,50,100,1,mean,0.3
-0.07466143880211877,-3.439712458467339e-08,-1.5884104013511156e-09,SquaredError2D,Genetic,50,100,1,mean,0.3
1.9253716516730612,1.999987401757998,1.9999874017579973,Trimodal2D,Genetic,50,100,1,mean,0.3
nan,nan,nan,Plateau3D,Genetic,50,100,1,fitnessmean,0.3
nan,nan,nan,SquaredError2D,Genetic,50,100,1,fitnessmean,0.3
1.9767805970400083,1.9999999019856682,1.9999999999999931,Trimodal2D,Genetic,50,100,1,fitnessmean,0.3
-3.928971229329507,11.614406566410624,11.638199976030254,Plateau3D,Genetic,50,100,1,randomweight,0.3
-3.06767260783235,-1.619854800882463e-06,-1.99191417070191e-11,SquaredError2D,Genetic,50,100,1,randomweight,0.3
1.815946113694612,1.9999936031983279,1.99999909652929,Trimodal2D,Genetic,50,100,1,randomweight,0.3
